Upper,,Lower,
X,Y,X,Y
0.031039348716248583,0.0016609920031398738,121.11531605649253,0.000655701399016901
0.2622336123204736,0.00247485649806211,123.55710955710956,0.0006671528115378342
0.492821005570967,0.0032211156355786696,125.9989030577266,0.0005927186301517839
0.7462905233127923,0.005382753601857759,128.44069655834363,0.0005440501269378221
0.6872373696612328,0.004472681482935125,130.88249005896066,0.0005325987144168959
0.6313741755613407,0.003917970858067998,133.32428355957768,0.0005497758331982905
0.876829892478252,0.007454251091595938,135.7660770601947,0.0004896559174634024
0.8086114404075193,0.006656854568349444,138.20787056081173,0.0003865932047750209
0.753681893005675,0.006206152185644902,140.64966406142878,0.00038373035164478847
0.9797800017163851,0.008719684704574071,143.0914575620458,0.00038086749851455257
0.8213712786141816,0.008078300544571457,145.53325106266283,0.00038373035164478847
1.1825758449216384,0.010054457145660601,147.97504456327988,0.0003665532328633904
0.9352761757760799,0.009430407692685081,150.41683806389688,0.00037227893912385526
1.2600918620271013,0.011604179953883138,152.85863156451393,0.0003207475827796645
1.4186134007719868,0.01084101947701516,155.30042506513095,0.00032647328904013284
1.617460696483409,0.009846440661335425,157.74221856574798,0.0003493761140819923
1.6445364507268128,0.009083713552143127,160.18401206636503,0.0003751417922540877
1.638934570538522,0.008459664099167607,162.62580556698205,0.00038086749851455257
1.6334882981332406,0.007852949353219188,165.06759906759908,0.00046389023929130704
1.7482957204365857,0.0070382181229455935,167.30590977649803,0.000589855777021548
1.7205664135045495,0.00621655300986116,168.32332373508845,0.0007673526710959833
1.8668221687538242,0.005504096551047444,170.270944741533,0.0009260365303146029
2.1689035579073668,0.004515440426935299,171.26457499719533,0.0012706943032660088
2.4568535373954514,0.005641536013905147,171.57904840257783,0.0015517744287797744
2.4144059571591825,0.0041519894029338165,173.00342794460443,0.001296980500189053
2.7272554048968836,0.008771688825655367,174.11333408124852,0.001953094385763316
2.6764572441339034,0.007836481381543445,174.02084190319485,0.0016662885539890857
2.644160848770582,0.007072887536999788,174.02084190319485,0.0014658888348727875
2.6390257919313154,0.006500842205105564,174.02084190319485,0.0024793388429752046
2.5215419157602312,0.00475003679536869,174.02084190319485,0.0022732134175984416
3.033284044812733,0.010112239502417592,176.14816199842937,0.0012738174157717122
3.021509722565124,0.009430407692685081,175.44522144522145,0.001981202398314695
3.039949244851579,0.011484570475396163,176.46263540381187,0.0014315345973099948
3.03434736466329,0.010860521022420643,177.6835321541204,0.0009299627288932091
3.3307335089587387,0.008733552470195752,177.48004936240233,0.001191054934370439
3.380496877964715,0.009742432419172841,178.90442890442893,0.0006671528115378342
3.4906671883344202,0.007844281999705636,181.14273961332788,0.0004661805217954923
3.4586119850347607,0.007107556951053983,183.3810503222268,0.00032361043590989694
3.579130212974503,0.006362164548888782,185.82284382284382,0.0002749419326959421
3.521477529370017,0.005608104793210028,188.26463732346087,0.00031788472964943207
3.667593237614584,0.004880047098071924,190.7064308240779,0.0003293361421703618
3.5861325632098655,0.0043080017661776965,193.14822432469492,0.00037227893912385526
3.7315480364308957,0.003501937889417654,195.59001782531197,0.00042953600172851436
3.8763799804656465,0.00263086886130599,198.03181132592897,0.00046102738616107114
4.175808256918904,0.0019764836710330497,200.47360482654602,0.0004839302112029341
4.693857688109333,0.0018690084874650459,202.91539832716305,0.00041808458920758115
4.996328096720397,0.00268720665914406,205.35719182778007,0.00038945605790524987
5.182201593523526,0.0035539420104989464,207.79898532839712,0.00038373035164478847
5.326776784716312,0.004354805475150859,210.24077882901412,0.00038373035164478847
5.467597382401948,0.005790119216994554,212.68257232963117,0.0003321989953005977
5.372898931599899,0.004958053279693862,215.12436583024822,0.00030643331712850233
5.597207550806015,0.007272236667811412,217.56615933086522,0.00028066763895640695
5.488204298808874,0.006466172791051366,220.00795283148227,0.0003321989953005977
5.733986792070102,0.008338321149977922,222.24626354038122,0.00043182628423269614
5.963497157165342,0.009207532888050967,223.95551899081312,0.0006207745908280611
6.078269011975433,0.009846440661335425,225.36633301339185,0.001166243540575089
6.425118760300393,0.008806358239709561,225.44385026737967,0.0009113132856448346
6.3925578317059575,0.008013295393219839,226.0446089857855,0.0007673526710959833
6.512601455907522,0.007215032134621987,225.70547099958867,0.0016548371414681524
6.608113513117871,0.006518176912132662,225.90895379130677,0.0014521471398476725
6.602667240712588,0.005911462166184239,226.72288495817907,0.001259763409496028
6.696420929974945,0.005018724754288707,226.72288495817907,0.0010536379841192649
6.841875305141727,0.004216994554285435,227.33333333333337,0.000589855777021548
7.279738934263939,0.003598516971425769,228.14726450020572,0.0003951817641657182
7.736425547709306,0.004267141385328108,230.5018510900864,0.00023895177905872839
7.944045232187808,0.005127066673208065,233.03085150143977,0.00015756495435639492
8.030991080943561,0.006310160427807486,235.47264500205677,0.00016042780748662736
8.026322847453319,0.005790119216994554,237.91443850267382,0.00017474207313778953
8.198736271026245,0.007991627009435967,240.35623200329087,0.00018619348565872273
8.139605313483184,0.007072887536999788,242.79802550390787,0.0002033706044401208
8.320421557338548,0.009076779669332288,245.23981900452492,0.0002377248420029135
8.42281147855785,0.01027980833701287,247.6816125051419,0.0003035704639982664
8.2634691087576,0.009534415934847669,250.12340600575897,0.00034365040782152745
8.555833903346457,0.011332272692229518,252.56519950637602,0.00043526170798897576
8.723010013537,0.013112299465240642,254.46437222907815,0.0005698158051099175
8.695125098821954,0.012273299645129111,256.4313725490196,0.0008022794792848231
8.976930793849547,0.014694380393247095,257.24530371589196,0.001007832334035539
8.810819485488445,0.013824755924054358,258.46620046620046,0.0012502205657285818
8.79331360990004,0.011874601383505864,258.7714246537776,0.0013456490034030114
9.380810794646965,0.01496884658784281,260.8672974084739,0.0016204829039053598
9.42430316999772,0.014145448004055667,260.9079939668175,0.001905623075676547
9.418856897592438,0.013538733258107245,260.7723387723388,0.0013685518284448708
9.539880850826954,0.01284967865378011,262.3323735088441,0.0015174201912169782
9.634295873167094,0.012030613746749741,263.7567530508707,0.0013593906984281263
9.702685493799137,0.011146543688367757,264.36720142602496,0.0011395235780262483
9.822425682823837,0.010314477751067065,265.55902920608804,0.0008573280551890175
9.790603891198689,0.009603754762956059,268.0298916769505,0.0007215470210122608
9.835380030759257,0.008923367512142472,270.67516796928567,0.0006220628747366681
9.879611543079296,0.008182308786734042,272.91347867818456,0.00044385026737967653
9.847867555345655,0.007480253152136584,275.3552721788016,0.000340787554691295
10.019915300628515,0.0068067997841338365,277.79706567941867,0.00025203910765407567
10.11559074601102,0.00612814600402296,280.23885918003566,0.0002720790795657062
10.211406238398233,0.005465093460236471,282.6806526806527,0.00021482201696105402
10.409845063679256,0.0048973818050990214,285.1224461812697,0.0002005077513098849
10.871377748081162,0.005296080066722268,287.56423968188676,0.0001833306325284903
11.006756519298172,0.006206152185644902,290.0060331825038,0.00016042780748662736
11.115643065458062,0.006999215032134621,292.4478266831208,0.0001919191919191876
11.224646317455207,0.007805278908894667,294.88962018373786,0.00014325068870522928
11.333649569452355,0.008611342785654712,297.3314136843549,0.0000545022416680134
11.571042209746395,0.009548861524036917,299.7732071849719,0.000057365094798245836
11.68096614112634,0.010457489084040622,302.21500068558896,0.00003446226975638636
11.891075550132967,0.0111898804559355,304.65679418620596,0.00004018797601685123
12.31993060010318,0.010782514840798705,307.098587686823,0.00004018797601685123
12.44138247474097,0.010141130680796088,309.54038118744006,0.00004018797601685123
12.586720144070497,0.009326399450522493,311.98217468805706,0.00004591368227731263
12.709233263788406,0.008236393072658586,314.4239681886741,0.00006022794792848174
12.874594542635407,0.007384912263487548,316.8657616892911,0.00004018797601685123
13.161379686719261,0.0064557719668351075,319.30755518990816,0.000057365094798245836
13.29174010693426,0.005673109944561647,321.7493486905252,0.0001203478636633698
13.557245886691756,0.004883761678149159,324.1911421911422,0.00008026791984010878
14.0746028632478,0.005023058431045481,326.63293569175926,0.0001174850105331339
14.436741076253309,0.00568611097483197,329.0747291923763,0.00014611354183546518
14.848946093441654,0.006258156306726194,331.5165226929933,0.0002262734294819803
15.41115701344977,0.0065355116191597555,333.95831619361036,0.0002463134013936108
15.862419584173143,0.005790119216994554,336.5454545454546,0.0003812764775331587
16.19166342333491,0.00521807388510033,338.6836388012859,0.0005574101082122425
16.73584607019738,0.0055925035568856404,341.28369669546146,0.0005125587425052619
17.11844114924762,0.0064290269902790124,343.58983500159974,0.0005411872738075932
17.27596068501835,0.0073762449099739995,345.35335252982316,0.0006900556365796971
17.510306006228486,0.00797429230240887,347.5916632387221,0.0006800356506238836
17.919803447992493,0.008244713732031596,349.82997394762106,0.0005411872738075932
18.294685938426355,0.007493254182406907,352.2717674482381,0.00039804461729595064
18.38991790162729,0.006765196487268803,354.7135609488551,0.0002921190514773367
18.551322074552395,0.006039738998184763,357.15535444947216,0.00025490196078431157
18.68226602395368,0.005322082127262914,359.59714795008915,0.0001919191919191876
18.94494752244958,0.004542020311043518,362.0389414507062,0.00014038783557499684
19.255058273206345,0.0039439729186086445,364.48073495132326,0.00009171933236104199
19.864029332008382,0.0037619584948241185,366.92252845194025,0.00008313077297034122
20.42589791489388,0.004001177451798069,369.3643219525573,0.00010317074488197173
20.889795837597504,0.004663363260233203,371.80611545317436,0.00015756495435639492
21.499155915857063,0.004524685604016417,374.24790895379135,0.00015756495435639492
22.105326034564957,0.004030646453744131,376.6897024544084,0.00017760492626802543
22.717331445135653,0.004186658816988011,379.1314959550254,0.00022054772322151542
23.221142764180836,0.004760437619584949,381.57328945564245,0.00025490196078431157
23.492553859303502,0.005519697787371831,384.0150829562595,0.00030070761086803746
24.055869594570975,0.005920129519697788,386.4568764568765,0.0002835304920866394
24.561205869889644,0.00553009861158809,388.89866995749355,0.00030929617025873476
24.911323381657777,0.004854045037531278,391.34046345811055,0.0003522389672122282
25.26097407007688,0.0041259873423931705,393.7822569587276,0.0003780046453843236
25.866054934303722,0.0035106052429311994,396.22405045934465,0.0004953816237238673
26.475181600888764,0.0033459255261737743,398.66584395996165,0.0005383244206773573
27.083997051907797,0.0031465763953621474,400.9041546688606,0.0007100956084913276
27.691956660120287,0.0028518863759014884,402.8808446455506,0.0009235826562029731
28.302094777294887,0.002799882254820193,404.68312080076794,0.0010978077181285732
28.91472261899761,0.0030252334461724657,405.46216920334575,0.0014899368011667448
29.52602779454477,0.0031032396277944074,406.76445907034145,0.0017063684978123432
30.135387872804326,0.0029645619715776214,407.64169599463725,0.002040368029672838
30.74256944210177,0.0025831984169814755,407.82256958727555,0.002767914438502668
31.352085128144335,0.002461855467791787,408.2295351707117,0.002470750283584504
31.915821004425933,0.0029090909090909098,408.2295351707117,0.002290390536379836
32.37991343685832,0.0035929451013099155,409.04346633758405,0.0017407227353751394
32.89493629666924,0.00428199970563705,408.941724941725,0.0014701831145681361
33.50600806054189,0.004334003826718346,409.24694912930215,0.0019983795170960897
34.113500845405355,0.003987309686176391,409.36903880433294,0.0011979257818829983
34.72146045361784,0.0036926196667157254,410.46784587961065,0.0009706152433425139
35.33268782527348,0.0037619584948241185,412.0666392431099,0.0007444498460541203
35.94189229575004,0.0036059461315802385,414.53750171397235,0.0006048857559552701
36.55109676622659,0.0034499337683363586,416.9792952145894,0.00043812456111921166
37.16294656901427,0.0035886114245531377,419.4210887152064,0.00039804461729595064
37.773395901754895,0.0035712767175260472,421.86288221582345,0.0003465132609517599
38.38221135277392,0.0033719275867144204,424.3046757164405,0.00032361043590989694
38.98985974542039,0.0030425681531995596,426.7464692170575,0.0003751417922540877
39.59673009915183,0.0026265351845492155,429.18826271767455,0.000403770323556419
40.20616798130288,0.0024965248818459816,431.6300562182916,0.0005354615675471248
40.815139040104924,0.0023145104580614556,434.0718497189086,0.0005182844487657268
41.42216500161936,0.0019158121964382088,436.51364321952565,0.00040663317668664795
42.03160288377042,0.001785801893734975,438.95543672014264,0.0003321989953005977
42.64220782429405,0.001785801893734975,441.3972302207597,0.0002405876951331494
43.25444664653925,0.001967816317519501,443.83902372137675,0.00014897639496569415
43.86847495828904,0.002349179872115654,446.28081722199374,0.00006595365418894661
44.48289228949638,0.0027738801942795467,448.7226107226108,0.000057365094798245836
45.09559793509061,0.0030078987391453683,451.1644042232278,0.00006881650731917904
45.70721432620378,0.0031205743348215013,453.60619772384484,0.000025873710365685587
46.31649660057184,0.0029732293250911736,456.0479912244619,0.000023010857235453153
46.926012286614394,0.0028518863759014884,458.4897847250789,0.000023010857235453153
47.53685063881254,0.0028778884364421345,460.93157822569594,0.000023010857235453153
48.14675534431262,0.002799882254820193,463.373371726313,0.000023010857235453153
48.754792756416606,0.0025138595888730825,465.81516522693,0.000023010857235453153
49.36446405024218,0.0024098513467104947,468.25695872754704,0.000023010857235453153
49.97467997130828,0.0023665145791427478,470.69875222816404,0.000023010857235453153
50.58302859897829,0.0021151613272498357,473.1405457287811,0.000023010857235453153
51.19091040329927,0.001811803954275621,475.58233922939814,0.000023010857235453153
51.800192677667326,0.0016644589445452898,478.02413273001514,0.000023010857235453153
52.41001957927591,0.0015777854094098029,480.4659262306322,0.000023010857235453153
53.020079892559,0.001517113934814962,482.9077197312492,0.000023010857235453153
53.6302958136251,0.0014737771672472151,485.34951323186624,0.000023010857235453153
54.24066734247421,0.001447775106706569,487.7913067324833,0.000023010857235453153
54.850494244082796,0.001361101571571082,490.2331002331003,0.0000545022416680134
55.461176988497925,0.0013697689250846308,492.67489373371734,0.00007454221357964391
56.07178192902154,0.0013697689250846308,495.11668723433434,0.0002634905201750089
56.68106420338961,0.001222423915354296,497.5584807349514,0.00017760492626802543
57.29104671278118,0.00115308508724591,500.00027423556844,0.000057365094798245836
57.901340437738796,0.0011184156731917118,502.44206773618544,0.00004018797601685123
58.512801221068955,0.0012137565618407509,504.8838612368025,0.000025873710365685587
59.12301714213507,0.001170419794273004,507.32565473741954,0.000037325122886615325
59.73517816048876,0.0013437668645439847,509.76744823803654,0.00007740506670987635
60.3460165126869,0.0013697689250846308,512.2092417386535,0.00015183924809593005
60.95693266877653,0.001404438339138822,514.6510352392705,0.00021482201696105402
61.568315648215204,0.001491111874274316,517.0928287398876,0.00028925619834710425
62.17969862765388,0.0015777854094098029,519.5346222405046,0.0003780046453843236
62.79030356817749,0.0015777854094098029,521.9764157411216,0.0003293361421703618
63.40090850870112,0.0015777854094098029,524.4182092417387,0.00030070761086803746
64.01081321420119,0.0014997792277878647,526.8600027423557,0.00020909631070058568
64.62079572359279,0.0014304403996794716,529.3017962429727,0.00015470210122616249
65.23077823298438,0.001361101571571082,531.7435897435898,0.00008599362610057712
65.8414609773995,0.0013697689250846308,534.1853832442068,0.00006595365418894661
66.45074325176756,0.001222423915354296,536.6271767448238,0.00006881650731917904
67.06080356505066,0.0011617524407594587,539.0689702454409,0.00006595365418894661
67.67187532892329,0.0012137565618407509,541.5107637460579,0.00004018797601685123
68.28170223053188,0.001127083026705264,543.9525572466749,0.00002873656349591802
68.89168473992348,0.001057744198596871,546.3943507472919,0.000023010857235453153
69.50205626877258,0.0010317421380562249,548.836144247909,0.000023010857235453153
70.11196097427268,0.0009537359564342832,551.277937748526,0.000023010857235453153
70.72256591479629,0.0009537359564342832,553.719731249143,0.000023010857235453153
71.33247062029639,0.0008757297748123449,556.1615247497601,0.000023010857235453153
71.94284214914549,0.0008497277142716989,558.6033182503771,0.000023010857235453153
72.55344708966912,0.0008497277142716989,561.0451117509941,0.000023010857235453153
73.16319618738619,0.0007543868256226598,563.4869052516112,0.000023010857235453153
73.77450136293335,0.000832393007244598,565.9286987522282,0.000023010857235453153
74.38526191123998,0.0008497277142716989,568.3704922528452,0.000023010857235453153
74.99586685176361,0.0008497277142716989,570.8122857534622,0.000023010857235453153
75.60647179228724,0.0008497277142716989,573.2540792540793,0.000023010857235453153
76.21684332113634,0.0008237256537310528,575.6958727546963,0.000023010857235453153
76.82674802663642,0.0007457194721091111,578.1376662553133,0.000023010857235453153
77.43758637883455,0.0007717215326497572,580.5794597559304,0.000023010857235453153
78.04889155438173,0.0008497277142716989,583.0212532565474,0.000023010857235453153
78.66019672992887,0.0009277338958936371,585.4630467571644,0.000023010857235453153
79.27103508212701,0.0009537359564342832,587.9048402577814,0.000023010857235453153
79.88164002265063,0.0009537359564342832,589.329219799808,0.000023010857235453153
80.49356762932983,0.0011010809661646179,,
81.10557303990052,0.0012570933294084978,,
81.71571115707512,0.0012050892083272022,,
82.32670511705626,0.0012484259758949456,,
82.93902174319297,0.0014391077531930238,,
83.45237181933656,0.001941814256978855,,
83.96416581765007,0.0022711736904937156,,
84.56986911300893,0.0017251304191401376,,
85.18024064185805,0.001699128358599488,,
85.743167357668,0.0020562233233577046,,
86.20674628441645,0.0026828729823872854,,
86.51932341853389,0.0034932705359041055,,
86.73827468406787,0.00440086626810858,,
87.13887580658049,0.0044900161899622225,,
87.20889930893411,0.0037879605553647645,,
87.45759944812674,0.0031509100721189218,,
87.64024408343245,0.002524260413089341,,
88.13461001004906,0.0020458224991414427,,
88.74467032333214,0.001985151024546602,,
89.35722036114336,0.0022018348623853226,,
89.96883675225654,0.0023145104580614556,,
90.52287826365674,0.0016817936515723907,,
91.07870926456151,0.0012484259758949456,,
91.68869177395311,0.001179087147786556,,
92.29953012615124,0.0012050892083272022,,
92.90920141997682,0.0011010809661646179,,
93.51778345932135,0.0008757297748123449,,
94.1274547531469,0.0007717215326497572,,
94.73782628199602,0.0007457194721091111,,
95.34843122251964,0.0007457194721091111,,
95.95903616304327,0.0007457194721091111,,
96.56964110356688,0.0007457194721091111,,
97.18024604409051,0.0007457194721091111,,
97.79085098461412,0.0007457194721091111,,
98.40145592513775,0.0007457194721091111,,
99.01206086566137,0.0007457194721091111,,
99.622665806185,0.0007457194721091111,,
100.23334855060014,0.0007543868256226598,,
100.84395349112376,0.0007543868256226598,,
101.45463623553889,0.0007630541791362119,,
102.06578580330303,0.0008237256537310528,,
102.67569050880311,0.0007457194721091111,,
103.28629544932673,0.0007457194721091111,,
103.89690038985036,0.0007457194721091111,,
104.50750533037397,0.0007457194721091111,,
105.1181102708976,0.0007457194721091111,,
105.72871521142122,0.0007457194721091111,,
106.33939795583636,0.0007543868256226598,,
106.95085873916653,0.0008497277142716989,,
107.56146367969015,0.0008497277142716989,,
108.17206862021378,0.0008497277142716989,,
108.7826735607374,0.0008497277142716989,,
109.39428995185057,0.0009624033099478319,,
110.00613975463826,0.0011010809661646179,,
110.61798955742594,0.001239758622381397,,
111.23077300691168,0.0014824445207607638,,
111.74501782780756,0.002084825589952412,,
112.06109613704268,0.0032852540515789334,,
111.95287092396057,0.0025658637099543746,,
112.1619144196536,0.004313202178285829,,
112.28283722782916,0.005313414773749366,,
112.39331875376487,0.00628415836726684,,
112.63349936683782,0.007532257273217879,,
112.75347296753704,0.006726193396457834,,
112.81906164807494,0.008364323210518571,,
113.0153608663396,0.0075582593337585255,,
113.10965918284248,0.006726193396457834,,
113.15400740099977,0.005998135701319726,,
113.14716065854742,0.005235408592127427,,
113.34353768070359,0.00443801206888093,,
113.43652889182921,0.0034603345925526205,,
113.50552538281498,0.002643869891576313,,
113.66685953223775,0.0019106117843300796,,
114.18047414161244,0.00130909745048979,,
114.78944520041448,0.001127083026705264,,
115.39857186699952,0.0009624033099478319,,
116.00855437639112,0.0008930644818394458,,
116.61814786632519,0.0007803888861633058,,
117.22844159128277,0.0007457194721091111,,
117.83904653180642,0.0007457194721091111,,
118.44965147233003,0.0007457194721091111,,
119.06002300117913,0.000719717411568465,,
119.51727647154834,0.0006417112299465233,,
